randomRef,cof,colfries,cob,cofi,cochee,codr,costoffries,costoflargefries,costofburger,costoffilet,costofcheeseburger,costofdrinks,costofmeal,PayTax,Totalcost,Ser_Charge,OverAllCost,PaidTax
36902,0.0,0.0,0.0,0.0,0.0,0.0,0.0,0.0,0.0,0.0,0.0,0.0,0.0,0.0,PY_VAR7,0.0,0.0,0.0
16710,2.0,3.0,4.0,1.0,2.0,2.0,50.0,120.0,140.0,50.0,100.0,70.0,530.0,174.9,PY_VAR7,5.353535353535354,710.2535353535353,174.9
18421,2.0,3.0,4.0,1.0,2.0,2.0,50.0,120.0,140.0,50.0,100.0,70.0,530.0,174.9,PY_VAR7,5.353535353535354,710.2535353535353,174.9
27343,2.0,3.0,4.0,1.0,2.0,2.0,50.0,120.0,140.0,50.0,100.0,70.0,530.0,174.9,PY_VAR7,5.353535353535354,710.2535353535353,174.9
37874,0.0,0.0,0.0,0.0,0.0,0.0,0.0,0.0,0.0,0.0,0.0,0.0,0.0,0.0,PY_VAR7,0.0,0.0,0.0
27830,1.0,1.0,1.0,1.0,2.0,2.0,25.0,40.0,35.0,50.0,100.0,70.0,320.0,105.60000000000001,PY_VAR7,3.2323232323232323,428.83232323232323,105.60000000000001
